file,label
0.jpg,cat
1.jpg,cat
2.jpg,cat
3.jpg,cat
4.jpg,dog
5.jpg,dog
6.jpg,dog
7.jpg,dog
8.jpg,cat
9.jpg,cat
10.jpg,dog
11.jpg,cat
12.jpg,cat
13.jpg,dog
14.jpg,dog
15.jpg,dog
16.jpg,dog
17.jpg,cat
18.jpg,dog
19.jpg,dog
20.jpg,dog
21.jpg,dog
22.jpg,dog
23.jpg,dog
24.jpg,cat
25.jpg,dog
26.jpg,cat
27.jpg,dog
28.jpg,dog
29.jpg,dog
30.jpg,dog
31.jpg,cat
32.jpg,dog
33.jpg,cat
34.jpg,cat
35.jpg,dog
36.jpg,cat
37.jpg,cat
38.jpg,cat
39.jpg,dog
40.jpg,cat
41.jpg,dog
42.jpg,dog
43.jpg,dog
44.jpg,cat
45.jpg,cat
46.jpg,dog
47.jpg,dog
48.jpg,dog
49.jpg,cat
50.jpg,dog
51.jpg,dog
52.jpg,cat
53.jpg,dog
54.jpg,cat
55.jpg,cat
56.jpg,cat
57.jpg,dog
58.jpg,dog
59.jpg,cat
60.jpg,dog
61.jpg,dog
62.jpg,cat
63.jpg,cat
64.jpg,cat
65.jpg,dog
66.jpg,cat
67.jpg,cat
68.jpg,cat
69.jpg,dog
70.jpg,dog
71.jpg,cat
72.jpg,cat
73.jpg,dog
74.jpg,cat
75.jpg,cat
76.jpg,dog
77.jpg,dog
78.jpg,cat
79.jpg,dog
80.jpg,dog
81.jpg,cat
82.jpg,dog
83.jpg,cat
84.jpg,cat
85.jpg,cat
86.jpg,cat
87.jpg,dog
88.jpg,cat
89.jpg,cat
90.jpg,cat
91.jpg,dog
92.jpg,dog
93.jpg,dog
94.jpg,dog
95.jpg,cat
96.jpg,cat
97.jpg,dog
98.jpg,cat
99.jpg,cat
100.jpg,dog
101.jpg,cat
102.jpg,cat
103.jpg,dog
104.jpg,dog
105.jpg,dog
106.jpg,cat
107.jpg,dog
108.jpg,cat
109.jpg,dog
110.jpg,cat
111.jpg,cat
112.jpg,dog
113.jpg,cat
114.jpg,cat
115.jpg,dog
116.jpg,dog
117.jpg,dog
118.jpg,cat
119.jpg,cat
120.jpg,dog
121.jpg,cat
122.jpg,cat
123.jpg,dog
124.jpg,dog
125.jpg,dog
126.jpg,cat
127.jpg,dog
128.jpg,dog
129.jpg,cat
130.jpg,dog
131.jpg,cat
132.jpg,dog
133.jpg,cat
134.jpg,cat
135.jpg,cat
136.jpg,dog
137.jpg,dog
138.jpg,cat
139.jpg,dog
140.jpg,cat
141.jpg,dog
142.jpg,cat
143.jpg,dog
144.jpg,dog
145.jpg,dog
146.jpg,cat
147.jpg,dog
148.jpg,cat
149.jpg,dog
150.jpg,dog
151.jpg,dog
152.jpg,cat
153.jpg,cat
154.jpg,dog
155.jpg,cat
156.jpg,dog
157.jpg,cat
158.jpg,cat
159.jpg,cat
160.jpg,dog
161.jpg,cat
162.jpg,dog
163.jpg,cat
164.jpg,cat
165.jpg,cat
166.jpg,dog
167.jpg,cat
168.jpg,dog
169.jpg,cat
170.jpg,cat
171.jpg,cat
172.jpg,cat
173.jpg,cat
174.jpg,cat
175.jpg,dog
176.jpg,dog
177.jpg,dog
178.jpg,dog
179.jpg,cat
180.jpg,dog
181.jpg,dog
182.jpg,cat
183.jpg,dog
184.jpg,cat
185.jpg,dog
186.jpg,dog
187.jpg,cat
188.jpg,cat
189.jpg,dog
190.jpg,dog
191.jpg,cat
192.jpg,cat
193.jpg,dog
194.jpg,dog
195.jpg,dog
196.jpg,cat
197.jpg,dog
198.jpg,dog
199.jpg,dog
200.jpg,cat
201.jpg,dog
202.jpg,cat
203.jpg,cat
204.jpg,dog
205.jpg,cat
206.jpg,dog
207.jpg,cat
208.jpg,cat
209.jpg,cat
210.jpg,dog
211.jpg,cat
212.jpg,cat
213.jpg,cat
214.jpg,cat
215.jpg,dog
216.jpg,dog
217.jpg,cat
218.jpg,dog
219.jpg,dog
220.jpg,cat
221.jpg,cat
222.jpg,cat
223.jpg,cat
224.jpg,dog
225.jpg,dog
226.jpg,cat
227.jpg,cat
228.jpg,dog
229.jpg,cat
230.jpg,dog
231.jpg,cat
232.jpg,cat
233.jpg,dog
234.jpg,cat
235.jpg,dog
236.jpg,cat
237.jpg,cat
238.jpg,dog
239.jpg,dog
240.jpg,dog
241.jpg,dog
242.jpg,dog
243.jpg,dog
244.jpg,cat
245.jpg,cat
246.jpg,dog
247.jpg,cat
248.jpg,dog
249.jpg,dog
250.jpg,dog
251.jpg,cat
252.jpg,cat
253.jpg,dog
254.jpg,cat
255.jpg,cat
256.jpg,dog
257.jpg,dog
258.jpg,cat
259.jpg,dog
260.jpg,dog
261.jpg,cat
262.jpg,dog
263.jpg,cat
264.jpg,cat
265.jpg,cat
266.jpg,cat
267.jpg,dog
268.jpg,dog
269.jpg,dog
270.jpg,cat
271.jpg,cat
272.jpg,cat
273.jpg,cat
274.jpg,cat
275.jpg,cat
276.jpg,dog
277.jpg,cat
278.jpg,dog
279.jpg,dog
280.jpg,dog
281.jpg,dog
282.jpg,cat
283.jpg,dog
284.jpg,dog
285.jpg,cat
286.jpg,dog
287.jpg,cat
288.jpg,dog
289.jpg,dog
290.jpg,dog
291.jpg,dog
292.jpg,dog
293.jpg,cat
294.jpg,cat
295.jpg,cat
296.jpg,dog
297.jpg,cat
298.jpg,dog
299.jpg,dog
300.jpg,cat
301.jpg,dog
302.jpg,dog
303.jpg,cat
304.jpg,dog
305.jpg,dog
306.jpg,dog
307.jpg,dog
308.jpg,dog
309.jpg,cat
310.jpg,cat
311.jpg,cat
312.jpg,cat
313.jpg,dog
314.jpg,dog
315.jpg,cat
316.jpg,cat
317.jpg,dog
318.jpg,cat
319.jpg,cat
320.jpg,cat
321.jpg,cat
322.jpg,cat
323.jpg,dog
324.jpg,dog
325.jpg,dog
326.jpg,dog
327.jpg,dog
328.jpg,cat
329.jpg,dog
330.jpg,cat
331.jpg,dog
332.jpg,dog
333.jpg,cat
334.jpg,dog
335.jpg,cat
336.jpg,cat
337.jpg,dog
338.jpg,dog
339.jpg,dog
340.jpg,cat
341.jpg,dog
342.jpg,cat
343.jpg,cat
344.jpg,dog
345.jpg,cat
346.jpg,cat
347.jpg,dog
348.jpg,cat
349.jpg,cat
350.jpg,dog
351.jpg,dog
352.jpg,cat
353.jpg,dog
354.jpg,cat
355.jpg,cat
356.jpg,cat
357.jpg,dog
358.jpg,dog
359.jpg,cat
360.jpg,cat
361.jpg,cat
362.jpg,dog
363.jpg,cat
364.jpg,dog
365.jpg,cat
366.jpg,dog
367.jpg,dog
368.jpg,dog
369.jpg,cat
370.jpg,dog
371.jpg,dog
372.jpg,cat
373.jpg,dog
374.jpg,dog
375.jpg,cat
376.jpg,dog
377.jpg,cat
378.jpg,dog
379.jpg,cat
380.jpg,cat
381.jpg,dog
382.jpg,cat
383.jpg,cat
384.jpg,dog
385.jpg,dog
386.jpg,cat
387.jpg,cat
388.jpg,dog
389.jpg,dog
390.jpg,cat
391.jpg,dog
392.jpg,cat
393.jpg,dog
394.jpg,dog
395.jpg,dog
396.jpg,dog
397.jpg,cat
398.jpg,cat
399.jpg,dog
400.jpg,dog
401.jpg,cat
402.jpg,cat
403.jpg,dog
404.jpg,dog
405.jpg,cat
406.jpg,dog
407.jpg,dog
408.jpg,cat
409.jpg,dog
410.jpg,dog
411.jpg,cat
412.jpg,dog
413.jpg,cat
414.jpg,cat
415.jpg,dog
416.jpg,dog
417.jpg,dog
418.jpg,dog
419.jpg,cat
420.jpg,cat
421.jpg,cat
422.jpg,dog
423.jpg,cat
424.jpg,dog
425.jpg,cat
426.jpg,cat
427.jpg,cat
428.jpg,cat
429.jpg,dog
430.jpg,dog
431.jpg,cat
432.jpg,dog
433.jpg,dog
434.jpg,dog
435.jpg,cat
436.jpg,cat
437.jpg,dog
438.jpg,dog
439.jpg,cat
440.jpg,dog
441.jpg,dog
442.jpg,dog
443.jpg,cat
444.jpg,cat
445.jpg,dog
446.jpg,cat
447.jpg,cat
448.jpg,cat
449.jpg,dog
450.jpg,dog
451.jpg,dog
452.jpg,dog
453.jpg,cat
454.jpg,dog
455.jpg,dog
456.jpg,dog
457.jpg,cat
458.jpg,cat
459.jpg,dog
460.jpg,dog
461.jpg,cat
462.jpg,cat
463.jpg,dog
464.jpg,dog
465.jpg,dog
466.jpg,dog
467.jpg,cat
468.jpg,cat
469.jpg,cat
470.jpg,dog
471.jpg,dog
472.jpg,dog
473.jpg,cat
474.jpg,cat
475.jpg,cat
476.jpg,dog
477.jpg,cat
478.jpg,dog
479.jpg,dog
480.jpg,cat
481.jpg,cat
482.jpg,cat
483.jpg,cat
484.jpg,dog
485.jpg,cat
486.jpg,cat
487.jpg,dog
488.jpg,dog
489.jpg,cat
490.jpg,dog
491.jpg,cat
492.jpg,cat
493.jpg,dog
494.jpg,cat
495.jpg,cat
496.jpg,dog
497.jpg,dog
498.jpg,dog
499.jpg,cat
500.jpg,cat
501.jpg,cat
502.jpg,dog
503.jpg,dog
504.jpg,cat
505.jpg,dog
506.jpg,dog
507.jpg,dog
508.jpg,cat
509.jpg,cat
510.jpg,dog
511.jpg,cat
512.jpg,dog
513.jpg,dog
514.jpg,dog
515.jpg,dog
516.jpg,cat
517.jpg,cat
518.jpg,cat
519.jpg,dog
520.jpg,cat
521.jpg,cat
522.jpg,dog
523.jpg,dog
524.jpg,cat
525.jpg,cat
526.jpg,cat
527.jpg,dog
528.jpg,cat
529.jpg,dog
530.jpg,cat
531.jpg,cat
532.jpg,cat
533.jpg,dog
534.jpg,cat
535.jpg,cat
536.jpg,cat
537.jpg,cat
538.jpg,cat
539.jpg,dog
540.jpg,cat
541.jpg,cat
542.jpg,dog
543.jpg,cat
544.jpg,dog
545.jpg,cat
546.jpg,cat
547.jpg,cat
548.jpg,dog
549.jpg,cat
550.jpg,cat
551.jpg,cat
552.jpg,dog
553.jpg,dog
554.jpg,dog
555.jpg,cat
556.jpg,cat
557.jpg,cat
558.jpg,dog
559.jpg,dog
560.jpg,dog
561.jpg,dog
562.jpg,dog
563.jpg,cat
564.jpg,dog
565.jpg,cat
566.jpg,dog
567.jpg,dog
568.jpg,dog
569.jpg,cat
570.jpg,cat
571.jpg,dog
572.jpg,cat
573.jpg,cat
574.jpg,cat
575.jpg,cat
576.jpg,cat
577.jpg,dog
578.jpg,dog
579.jpg,dog
580.jpg,dog
581.jpg,dog
582.jpg,dog
583.jpg,cat
584.jpg,cat
585.jpg,dog
586.jpg,dog
587.jpg,dog
588.jpg,cat
589.jpg,cat
590.jpg,dog
591.jpg,dog
592.jpg,cat
593.jpg,cat
594.jpg,cat
595.jpg,cat
596.jpg,dog
597.jpg,cat
598.jpg,dog
599.jpg,cat
600.jpg,dog
601.jpg,dog
602.jpg,cat
603.jpg,cat
604.jpg,cat
605.jpg,cat
606.jpg,dog
607.jpg,cat
608.jpg,dog
609.jpg,cat
610.jpg,cat
611.jpg,cat
612.jpg,dog
613.jpg,dog
614.jpg,cat
615.jpg,cat
616.jpg,dog
617.jpg,cat
618.jpg,dog
619.jpg,cat
620.jpg,cat
621.jpg,dog
622.jpg,cat
623.jpg,dog
624.jpg,cat
625.jpg,cat
626.jpg,dog
627.jpg,dog
628.jpg,cat
629.jpg,cat
630.jpg,dog
631.jpg,cat
632.jpg,dog
633.jpg,cat
634.jpg,dog
635.jpg,cat
636.jpg,cat
637.jpg,cat
638.jpg,dog
639.jpg,dog
640.jpg,cat
641.jpg,dog
642.jpg,dog
643.jpg,cat
644.jpg,cat
645.jpg,cat
646.jpg,cat
647.jpg,cat
648.jpg,cat
649.jpg,cat
650.jpg,dog
651.jpg,cat
652.jpg,dog
653.jpg,cat
654.jpg,dog
655.jpg,cat
656.jpg,cat
657.jpg,cat
658.jpg,dog
659.jpg,cat
660.jpg,cat
661.jpg,cat
662.jpg,dog
663.jpg,dog
664.jpg,dog
665.jpg,cat
666.jpg,cat
667.jpg,cat
668.jpg,cat
669.jpg,dog
670.jpg,dog
671.jpg,cat
672.jpg,dog
673.jpg,dog
674.jpg,cat
675.jpg,cat
676.jpg,dog
677.jpg,cat
678.jpg,dog
679.jpg,dog
680.jpg,dog
681.jpg,dog
682.jpg,dog
683.jpg,cat
684.jpg,cat
685.jpg,dog
686.jpg,dog
687.jpg,cat
688.jpg,cat
689.jpg,cat
690.jpg,cat
691.jpg,cat
692.jpg,dog
693.jpg,cat
694.jpg,dog
695.jpg,dog
696.jpg,dog
697.jpg,dog
698.jpg,dog
699.jpg,dog
700.jpg,cat
701.jpg,cat
702.jpg,cat
703.jpg,dog
704.jpg,dog
705.jpg,dog
706.jpg,dog
707.jpg,dog
708.jpg,cat
709.jpg,dog
710.jpg,dog
711.jpg,cat
712.jpg,dog
713.jpg,cat
714.jpg,dog
715.jpg,dog
716.jpg,cat
717.jpg,cat
718.jpg,dog
719.jpg,cat
720.jpg,cat
721.jpg,dog
722.jpg,dog
723.jpg,dog
724.jpg,cat
725.jpg,cat
726.jpg,cat
727.jpg,dog
728.jpg,cat
729.jpg,cat
730.jpg,dog
731.jpg,dog
732.jpg,dog
733.jpg,dog
734.jpg,cat
735.jpg,dog
736.jpg,dog
737.jpg,cat
738.jpg,cat
739.jpg,cat
740.jpg,cat
741.jpg,dog
742.jpg,cat
743.jpg,cat
744.jpg,cat
745.jpg,dog
746.jpg,dog
747.jpg,dog
748.jpg,dog
749.jpg,cat
750.jpg,cat
751.jpg,dog
752.jpg,dog
753.jpg,cat
754.jpg,dog
755.jpg,cat
756.jpg,dog
757.jpg,cat
758.jpg,cat
759.jpg,cat
760.jpg,cat
761.jpg,cat
762.jpg,cat
763.jpg,cat
764.jpg,cat
765.jpg,dog
766.jpg,dog
767.jpg,cat
768.jpg,cat
769.jpg,cat
770.jpg,dog
771.jpg,dog
772.jpg,dog
773.jpg,cat
774.jpg,cat
775.jpg,dog
776.jpg,cat
777.jpg,cat
778.jpg,cat
779.jpg,dog
780.jpg,cat
781.jpg,cat
782.jpg,cat
783.jpg,cat
784.jpg,dog
785.jpg,cat
786.jpg,dog
787.jpg,dog
788.jpg,cat
789.jpg,cat
790.jpg,cat
791.jpg,dog
792.jpg,dog
793.jpg,dog
794.jpg,dog
795.jpg,dog
796.jpg,cat
797.jpg,dog
798.jpg,dog
799.jpg,dog
800.jpg,dog
801.jpg,cat
802.jpg,dog
803.jpg,cat
804.jpg,dog
805.jpg,dog
806.jpg,cat
807.jpg,cat
808.jpg,dog
809.jpg,cat
810.jpg,dog
811.jpg,dog
812.jpg,cat
813.jpg,cat
814.jpg,dog
815.jpg,dog
816.jpg,cat
817.jpg,cat
818.jpg,cat
819.jpg,dog
820.jpg,dog
821.jpg,dog
822.jpg,cat
823.jpg,dog
824.jpg,cat
825.jpg,cat
826.jpg,cat
827.jpg,dog
828.jpg,cat
829.jpg,dog
830.jpg,dog
831.jpg,cat
832.jpg,dog
833.jpg,cat
834.jpg,cat
835.jpg,cat
836.jpg,dog
837.jpg,dog
838.jpg,dog
839.jpg,dog
840.jpg,cat
841.jpg,dog
842.jpg,cat
843.jpg,cat
844.jpg,dog
845.jpg,dog
846.jpg,cat
847.jpg,dog
848.jpg,cat
849.jpg,cat
850.jpg,cat
851.jpg,dog
852.jpg,dog
853.jpg,dog
854.jpg,dog
855.jpg,dog
856.jpg,cat
857.jpg,cat
858.jpg,cat
859.jpg,dog
860.jpg,dog
861.jpg,cat
862.jpg,cat
863.jpg,dog
864.jpg,dog
865.jpg,cat
866.jpg,cat
867.jpg,dog
868.jpg,dog
869.jpg,dog
870.jpg,dog
871.jpg,dog
872.jpg,dog
873.jpg,dog
874.jpg,cat
875.jpg,dog
876.jpg,cat
877.jpg,dog
878.jpg,dog
879.jpg,cat
880.jpg,cat
881.jpg,cat
882.jpg,cat
883.jpg,cat
884.jpg,dog
885.jpg,cat
886.jpg,cat
887.jpg,dog
888.jpg,dog
889.jpg,dog
890.jpg,cat
891.jpg,cat
892.jpg,dog
893.jpg,cat
894.jpg,dog
895.jpg,dog
896.jpg,cat
897.jpg,cat
898.jpg,cat
899.jpg,cat
900.jpg,dog
901.jpg,cat
902.jpg,cat
903.jpg,cat
904.jpg,dog
905.jpg,cat
906.jpg,cat
907.jpg,cat
908.jpg,dog
909.jpg,cat
910.jpg,dog
911.jpg,cat
912.jpg,cat
913.jpg,dog
914.jpg,cat
915.jpg,cat
916.jpg,dog
917.jpg,cat
918.jpg,dog
919.jpg,cat
920.jpg,cat
921.jpg,cat
922.jpg,cat
923.jpg,dog
924.jpg,cat
925.jpg,cat
926.jpg,dog
927.jpg,cat
928.jpg,dog
929.jpg,cat
930.jpg,dog
931.jpg,cat
932.jpg,dog
933.jpg,dog
934.jpg,dog
935.jpg,dog
936.jpg,cat
937.jpg,dog
938.jpg,dog
939.jpg,cat
940.jpg,dog
941.jpg,cat
942.jpg,dog
943.jpg,dog
944.jpg,cat
945.jpg,cat
946.jpg,dog
947.jpg,dog
948.jpg,cat
949.jpg,dog
950.jpg,cat
951.jpg,dog
952.jpg,dog
953.jpg,cat
954.jpg,dog
955.jpg,dog
956.jpg,cat
957.jpg,dog
958.jpg,dog
959.jpg,dog
960.jpg,dog
961.jpg,dog
962.jpg,dog
963.jpg,dog
964.jpg,dog
965.jpg,cat
966.jpg,dog
967.jpg,cat
968.jpg,cat
969.jpg,cat
970.jpg,cat
971.jpg,cat
972.jpg,dog
973.jpg,dog
974.jpg,cat
975.jpg,cat
976.jpg,cat
977.jpg,dog
978.jpg,dog
979.jpg,dog
980.jpg,dog
981.jpg,dog
982.jpg,dog
983.jpg,cat
984.jpg,cat
985.jpg,cat
986.jpg,cat
987.jpg,dog
988.jpg,cat
989.jpg,dog
990.jpg,cat
991.jpg,dog
992.jpg,dog
993.jpg,dog
994.jpg,dog
995.jpg,dog
996.jpg,dog
997.jpg,cat
998.jpg,cat
999.jpg,dog
